workload,variant,structure,n,time_ms,steps,moves,comparisons
W1,-,DynamicArray,100,0.0634,10000,0,0
W2,-,DynamicArray,100,0.1991,74982,0,74982
W3,head,DynamicArray,100,0.2944,1201920,1200920,0
W3,middle,DynamicArray,100,0.2673,1101920,1100920,0
W1,-,MyLinkedList,100,0.9371,492068,0,0
W2,-,MyLinkedList,100,0.5295,73982,0,74982
W3,head,MyLinkedList,100,0.0217,0,3000,0
W3,middle,MyLinkedList,100,0.0848,98000,3000,0
W4,-,MinHeap,100,0.0274,1358,787,1035
W1,-,DynamicArray,1000,0.0866,10000,0,0
W2,-,DynamicArray,1000,0.3398,754782,0,754782
W3,head,DynamicArray,1000,0.7099,3001024,3000024,0
W3,middle,DynamicArray,1000,0.482,2001024,2000024,0
W1,-,MyLinkedList,1000,5.7597,4943268,0,0
W2,-,MyLinkedList,1000,1.2804,753782,0,754782
W3,head,MyLinkedList,1000,0.0176,0,3000,0
W3,middle,MyLinkedList,1000,1.1417,998000,3000,0
W4,-,MinHeap,1000,0.0826,20245,11221,17226
W1,-,DynamicArray,10000,0.0693,10000,0,0
W2,-,DynamicArray,10000,3.1301,7361942,0,7361942
W3,head,DynamicArray,10000,4.7814,21000000,20999000,0
W3,middle,DynamicArray,10000,2.607,11000000,10999000,0
W1,-,MyLinkedList,10000,56.7,49608268,0,0
W2,-,MyLinkedList,10000,10.073,7360942,0,7361942
W3,head,MyLinkedList,10000,0.0061,0,3000,0
W3,middle,MyLinkedList,10000,11.449,9998000,3000,0
W4,-,MinHeap,10000,0.7693,275708,152104,239329
W1,-,DynamicArray,100000,0.0427,10000,0,0
W2,-,DynamicArray,100000,31.4705,73588208,0,73588208
W3,head,DynamicArray,100000,38.9931,201000000,200999000,0
W3,middle,DynamicArray,100000,19.7503,101000000,100999000,0
W1,-,MyLinkedList,100000,600.9553,493278268,0,0
W2,-,MyLinkedList,100000,123.5835,73587208,0,73588208
W3,head,MyLinkedList,100000,0.0096,0,3000,0
W3,middle,MyLinkedList,100000,119.0536,99998000,3000,0
W4,-,MinHeap,100000,10.2454,3390192,1820471,3059125
